{"stats":{"minecraft:custom":{"minecraft:jump":121,"minecraft:time_since_rest":127,"minecraft:leave_game":1,"minecraft:deaths":1,"minecraft:damage_taken":270,"minecraft:sprint_one_cm":25549,"minecraft:play_time":3340,"minecraft:walk_on_water_one_cm":218,"minecraft:time_since_death":0,"minecraft:walk_one_cm":1806,"minecraft:sneak_time":1,"minecraft:total_world_time":3340,"minecraft:walk_under_water_one_cm":121,"minecraft:swim_one_cm":956,"minecraft:fall_one_cm":1941,"minecraft:fly_one_cm":24237},"minecraft:killed_by":{"minecraft:creeper":1}},"DataVersion":3465}